,count,mean,std,min,25%,50%,75%,max
shipment_volume_kg,1500.0,110.22709927806656,60.99860831377199,6.419861078579202,65.72665622853327,100.05659728806171,144.09533111409263,386.6734690023935
distance_km,1500.0,618.7892239177281,422.2942011366032,20.0,309.00826561878193,525.4214848623443,824.0439799744288,2500.0
warehouse_processing_days,1500.0,1.7979534205800165,0.7815271629196262,0.3,1.242686455081855,1.81643220907167,2.332465436449314,4.241369055934901
promised_delivery_days,1500.0,6.8533333333333335,2.487022129965644,2.0,5.0,7.0,8.0,16.0
actual_delivery_days,1500.0,5.5862806321626,2.2785828732274136,1.0,3.9089437001946132,5.3541411120942035,7.113426600310606,13.6820198482861
delivery_delay_days,1500.0,0.06545072109099916,0.23451976464865465,0.0,0.0,0.0,0.0,2.593571563549191
transportation_cost,1500.0,247.72041660370246,113.91085021525096,40.0,160.78075754520447,227.6941846060378,318.76671168206514,759.5346832816302
order_value,1500.0,1872.7823013949717,877.0812911733308,105.0418028671194,1242.0468223288726,1699.1811980421217,2269.6023150963274,6114.053802391399
fuel_surcharge,1500.0,22.50888149710766,14.476967423566936,10.0,10.36119986490499,18.15088280338074,28.44669125041945,107.67442413303674
